file_name,action,timestamp
FutureEnhancements.pages,Hash generated,2026-04-03 21:44:13
FutureEnhancements.pdf,File encrypted,2026-04-03 21:55:21
FutureEnhancements.pdf.enc,File decrypted,2026-04-03 22:00:57
FutureEnhancements.pdf.enc,File decrypted,2026-04-03 22:26:41
Screenshot 2026-04-03 at 12.50.33 AM.png,Hash generated,2026-04-03 22:27:06
Screenshot 2026-04-03 at 12.50.33 AM.png,Integrity checked,2026-04-03 22:27:57
Project Proposal Form .pdf,File encrypted,2026-04-03 22:28:37
AboutProject.pages,Hash generated,2026-04-03 22:31:45
AboutProject.pages,Integrity checked,2026-04-03 22:32:04
AboutProject.pages,Integrity checked,2026-04-03 22:32:13
FutureEnhancements.pages,Hash generated,2026-04-03 22:32:28
FutureEnhancements.pages,Integrity checked,2026-04-03 22:32:44
logbookfinalcopy.pdf,Hash generated,2026-04-03 22:35:55
logbookfinalcopy.pdf,Integrity checked,2026-04-03 22:36:13
logbookfinalcopy.jpg,Integrity checked,2026-04-03 22:38:35
logbookfinalcopy.jpg,Integrity checked,2026-04-03 22:41:24
SQL Query,SQL injection checked,2026-04-07 20:55:19
SQL Query,SQL injection checked,2026-04-07 20:56:29
